{
    "train_loss": [
        0.954392838684313,
        0.6033066442967578,
        0.2396018371169027,
        0.1305182257340818,
        0.07947756047346613,
        0.051438998593199156,
        0.037535859403795224,
        0.027289104436767336,
        0.020811911906261273,
        0.017793950580961372
    ],
    "val_loss": [
        1.0250707520339304,
        0.9151649718691489,
        1.258447524405525,
        2.043689900183141,
        1.9468682434397309,
        2.2744666914940774,
        2.193943631550169,
        2.253401147395102,
        2.2256589052776254,
        2.2567044438105524
    ],
    "val_f1": [
        0.5641768103448321,
        0.7893393331531258,
        0.8018302070271082,
        0.8155133558806891,
        0.8125140158595469,
        0.8220785497401136,
        0.8206262675427508,
        0.8235662343804525,
        0.8211057092879397,
        0.8166251816537838
    ]
}